<?xml version="1.0" encoding="UTF-8"?>
<con:soapui-project id="b7c4f32b-1d30-4a3c-a2ba-23c098913a17" activeEnvironment="Default environment" name="Assignment-1" resourceRoot="${projectDir}" soapui-version="6.0.0" xmlns:con="http://eviware.com/soapui/config"><con:settings/><con:interface xsi:type="con:WsdlInterface" id="06c6b85c-3767-4627-9a98-c12b6b696e78" wsaVersion="NONE" name="GeoIPServiceSoap" type="wsdl" bindingName="{http://www.webservicex.net/}GeoIPServiceSoap" soapVersion="1_1" anonymous="optional" definition="http://www.webservicex.net/geoipservice.asmx?wsdl" xmlns:xsi="http://www.w3.org/2001/XMLSchema-instance"><con:settings/><con:definitionCache/><con:endpoints><con:endpoint>http://www.bbc.com/</con:endpoint><con:endpoint>http://www.webservicex.net/geoipservice.asmx</con:endpoint></con:endpoints><con:operation id="fa7f1d80-6944-4f87-9304-9c54d2eb52a9" isOneWay="false" action="http://www.webservicex.net/GetGeoIP" name="GetGeoIP" bindingOperationName="GetGeoIP" type="Request-Response" inputName="" receivesAttachments="false" sendsAttachments="false" anonymous="optional"><con:settings/><con:call id="623e8513-a839-49d6-a1b0-d3328b1dce00" defaultOutgoingWss="" defaultIncomingWss="" name="Request 1"><con:settings/><con:encoding>UTF-8</con:encoding><con:endpoint>http://www.webservicex.net/geoipservice.asmx</con:endpoint><con:request><![CDATA[<soapenv:Envelope xmlns:soapenv="http://schemas.xmlsoap.org/soap/envelope/" xmlns:web="http://www.webservicex.net/">\r
   <soapenv:Header/>\r
   <soapenv:Body>\r
      <web:GetGeoIP>\r
         <!--Optional:-->\r
         <web:IPAddress>?</web:IPAddress>\r
      </web:GetGeoIP>\r
   </soapenv:Body>\r
</soapenv:Envelope>]]></con:request><con:credentials><con:selectedAuthProfile>No Authorization</con:selectedAuthProfile><con:authType>No Authorization</con:authType></con:credentials><con:wsaConfig mustUnderstand="NONE" version="200508" action="http://www.webservicex.net/GetGeoIP"/></con:call></con:operation><con:operation id="ea2faf27-fe45-4596-9458-b8c0f53d2403" isOneWay="false" action="http://www.webservicex.net/GetGeoIPContext" name="GetGeoIPContext" bindingOperationName="GetGeoIPContext" type="Request-Response" inputName="" receivesAttachments="false" sendsAttachments="false" anonymous="optional"><con:settings/><con:call id="6e63de7a-3b04-4223-8ea3-4887bb018408" defaultOutgoingWss="" defaultIncomingWss="" name="Request 1"><con:settings/><con:encoding>UTF-8</con:encoding><con:endpoint>http://www.webservicex.net/geoipservice.asmx</con:endpoint><con:request><![CDATA[<soapenv:Envelope xmlns:soapenv="http://schemas.xmlsoap.org/soap/envelope/" xmlns:web="http://www.webservicex.net/">\r
   <soapenv:Header/>\r
   <soapenv:Body>\r
      <web:GetGeoIPContext/>\r
   </soapenv:Body>\r
</soapenv:Envelope>]]></con:request><con:credentials><con:selectedAuthProfile>No Authorization</con:selectedAuthProfile><con:authType>No Authorization</con:authType></con:credentials><con:wsaConfig mustUnderstand="NONE" version="200508" action="http://www.webservicex.net/GetGeoIPContext"/></con:call></con:operation></con:interface><con:interface xsi:type="con:WsdlInterface" id="74a9ec13-cce6-413c-9f14-5b238a01b869" wsaVersion="NONE" name="GeoIPServiceSoap12" type="wsdl" bindingName="{http://www.webservicex.net/}GeoIPServiceSoap12" soapVersion="1_2" anonymous="optional" definition="http://www.webservicex.net/geoipservice.asmx?wsdl" xmlns:xsi="http://www.w3.org/2001/XMLSchema-instance"><con:settings/><con:definitionCache type="TEXT" rootPart="http://www.webservicex.net/geoipservice.asmx?wsdl"><con:part><con:url>http://www.webservicex.net/geoipservice.asmx?wsdl</con:url><con:content><![CDATA[<wsdl:definitions targetNamespace="http://www.webservicex.net/" xmlns:tm="http://microsoft.com/wsdl/mime/textMatching/" xmlns:soapenc="http://schemas.xmlsoap.org/soap/encoding/" xmlns:mime="http://schemas.xmlsoap.org/wsdl/mime/" xmlns:tns="http://www.webservicex.net/" xmlns:soap="http://schemas.xmlsoap.org/wsdl/soap/" xmlns:s="http://www.w3.org/2001/XMLSchema" xmlns:soap12="http://schemas.xmlsoap.org/wsdl/soap12/" xmlns:http="http://schemas.xmlsoap.org/wsdl/http/" xmlns:wsdl="http://schemas.xmlsoap.org/wsdl/">
  <wsdl:types>
    <s:schema elementFormDefault="qualified" targetNamespace="http://www.webservicex.net/">
      <s:element name="GetGeoIP">
        <s:complexType>
          <s:sequence>
            <s:element minOccurs="0" maxOccurs="1" name="IPAddress" type="s:string"/>
          </s:sequence>
        </s:complexType>
      </s:element>
      <s:element name="GetGeoIPResponse">
        <s:complexType>
          <s:sequence>
            <s:element minOccurs="0" maxOccurs="1" name="GetGeoIPResult" type="tns:GeoIP"/>
          </s:sequence>
        </s:complexType>
      </s:element>
      <s:complexType name="GeoIP">
        <s:sequence>
          <s:element minOccurs="1" maxOccurs="1" name="ReturnCode" type="s:int"/>
          <s:element minOccurs="0" maxOccurs="1" name="IP" type="s:string"/>
          <s:element minOccurs="0" maxOccurs="1" name="ReturnCodeDetails" type="s:string"/>
          <s:element minOccurs="0" maxOccurs="1" name="CountryName" type="s:string"/>
          <s:element minOccurs="0" maxOccurs="1" name="CountryCode" type="s:string"/>
        </s:sequence>
      </s:complexType>
      <s:element name="GetGeoIPContext">
        <s:complexType/>
      </s:element>
      <s:element name="GetGeoIPContextResponse">
        <s:complexType>
          <s:sequence>
            <s:element minOccurs="0" maxOccurs="1" name="GetGeoIPContextResult" type="tns:GeoIP"/>
          </s:sequence>
        </s:complexType>
      </s:element>
      <s:element name="GeoIP" nillable="true" type="tns:GeoIP"/>
    </s:schema>
  </wsdl:types>
  <wsdl:message name="GetGeoIPSoapIn">
    <wsdl:part name="parameters" element="tns:GetGeoIP"/>
  </wsdl:message>
  <wsdl:message name="GetGeoIPSoapOut">
    <wsdl:part name="parameters" element="tns:GetGeoIPResponse"/>
  </wsdl:message>
  <wsdl:message name="GetGeoIPContextSoapIn">
    <wsdl:part name="parameters" element="tns:GetGeoIPContext"/>
  </wsdl:message>
  <wsdl:message name="GetGeoIPContextSoapOut">
    <wsdl:part name="parameters" element="tns:GetGeoIPContextResponse"/>
  </wsdl:message>
  <wsdl:message name="GetGeoIPHttpGetIn">
    <wsdl:part name="IPAddress" type="s:string"/>
  </wsdl:message>
  <wsdl:message name="GetGeoIPHttpGetOut">
    <wsdl:part name="Body" element="tns:GeoIP"/>
  </wsdl:message>
  <wsdl:message name="GetGeoIPContextHttpGetIn"/>
  <wsdl:message name="GetGeoIPContextHttpGetOut">
    <wsdl:part name="Body" element="tns:GeoIP"/>
  </wsdl:message>
  <wsdl:message name="GetGeoIPHttpPostIn">
    <wsdl:part name="IPAddress" type="s:string"/>
  </wsdl:message>
  <wsdl:message name="GetGeoIPHttpPostOut">
    <wsdl:part name="Body" element="tns:GeoIP"/>
  </wsdl:message>
  <wsdl:message name="GetGeoIPContextHttpPostIn"/>
  <wsdl:message name="GetGeoIPContextHttpPostOut">
    <wsdl:part name="Body" element="tns:GeoIP"/>
  </wsdl:message>
  <wsdl:portType name="GeoIPServiceSoap">
    <wsdl:operation name="GetGeoIP">
      <wsdl:documentation>GeoIPService - GetGeoIP enables you to easily look up countries by IP addresses</wsdl:documentation>
      <wsdl:input message="tns:GetGeoIPSoapIn"/>
      <wsdl:output message="tns:GetGeoIPSoapOut"/>
    </wsdl:operation>
    <wsdl:operation name="GetGeoIPContext">
      <wsdl:documentation>GeoIPService - GetGeoIPContext enables you to easily look up countries by Context</wsdl:documentation>
      <wsdl:input message="tns:GetGeoIPContextSoapIn"/>
      <wsdl:output message="tns:GetGeoIPContextSoapOut"/>
    </wsdl:operation>
  </wsdl:portType>
  <wsdl:portType name="GeoIPServiceHttpGet">
    <wsdl:operation name="GetGeoIP">
      <wsdl:documentation>GeoIPService - GetGeoIP enables you to easily look up countries by IP addresses</wsdl:documentation>
      <wsdl:input message="tns:GetGeoIPHttpGetIn"/>
      <wsdl:output message="tns:GetGeoIPHttpGetOut"/>
    </wsdl:operation>
    <wsdl:operation name="GetGeoIPContext">
      <wsdl:documentation>GeoIPService - GetGeoIPContext enables you to easily look up countries by Context</wsdl:documentation>
      <wsdl:input message="tns:GetGeoIPContextHttpGetIn"/>
      <wsdl:output message="tns:GetGeoIPContextHttpGetOut"/>
    </wsdl:operation>
  </wsdl:portType>
  <wsdl:portType name="GeoIPServiceHttpPost">
    <wsdl:operation name="GetGeoIP">
      <wsdl:documentation>GeoIPService - GetGeoIP enables you to easily look up countries by IP addresses</wsdl:documentation>
      <wsdl:input message="tns:GetGeoIPHttpPostIn"/>
      <wsdl:output message="tns:GetGeoIPHttpPostOut"/>
    </wsdl:operation>
    <wsdl:operation name="GetGeoIPContext">
      <wsdl:documentation>GeoIPService - GetGeoIPContext enables you to easily look up countries by Context</wsdl:documentation>
      <wsdl:input message="tns:GetGeoIPContextHttpPostIn"/>
      <wsdl:output message="tns:GetGeoIPContextHttpPostOut"/>
    </wsdl:operation>
  </wsdl:portType>
  <wsdl:binding name="GeoIPServiceSoap" type="tns:GeoIPServiceSoap">
    <soap:binding transport="http://schemas.xmlsoap.org/soap/http"/>
    <wsdl:operation name="GetGeoIP">
      <soap:operation soapAction="http://www.webservicex.net/GetGeoIP" style="document"/>
      <wsdl:input>
        <soap:body use="literal"/>
      </wsdl:input>
      <wsdl:output>
        <soap:body use="literal"/>
      </wsdl:output>
    </wsdl:operation>
    <wsdl:operation name="GetGeoIPContext">
      <soap:operation soapAction="http://www.webservicex.net/GetGeoIPContext" style="document"/>
      <wsdl:input>
        <soap:body use="literal"/>
      </wsdl:input>
      <wsdl:output>
        <soap:body use="literal"/>
      </wsdl:output>
    </wsdl:operation>
  </wsdl:binding>
  <wsdl:binding name="GeoIPServiceSoap12" type="tns:GeoIPServiceSoap">
    <soap12:binding transport="http://schemas.xmlsoap.org/soap/http"/>
    <wsdl:operation name="GetGeoIP">
      <soap12:operation soapAction="http://www.webservicex.net/GetGeoIP" style="document"/>
      <wsdl:input>
        <soap12:body use="literal"/>
      </wsdl:input>
      <wsdl:output>
        <soap12:body use="literal"/>
      </wsdl:output>
    </wsdl:operation>
    <wsdl:operation name="GetGeoIPContext">
      <soap12:operation soapAction="http://www.webservicex.net/GetGeoIPContext" style="document"/>
      <wsdl:input>
        <soap12:body use="literal"/>
      </wsdl:input>
      <wsdl:output>
        <soap12:body use="literal"/>
      </wsdl:output>
    </wsdl:operation>
  </wsdl:binding>
  <wsdl:binding name="GeoIPServiceHttpGet" type="tns:GeoIPServiceHttpGet">
    <http:binding verb="GET"/>
    <wsdl:operation name="GetGeoIP">
      <http:operation location="/GetGeoIP"/>
      <wsdl:input>
        <http:urlEncoded/>
      </wsdl:input>
      <wsdl:output>
        <mime:mimeXml part="Body"/>
      </wsdl:output>
    </wsdl:operation>
    <wsdl:operation name="GetGeoIPContext">
      <http:operation location="/GetGeoIPContext"/>
      <wsdl:input>
        <http:urlEncoded/>
      </wsdl:input>
      <wsdl:output>
        <mime:mimeXml part="Body"/>
      </wsdl:output>
    </wsdl:operation>
  </wsdl:binding>
  <wsdl:binding name="GeoIPServiceHttpPost" type="tns:GeoIPServiceHttpPost">
    <http:binding verb="POST"/>
    <wsdl:operation name="GetGeoIP">
      <http:operation location="/GetGeoIP"/>
      <wsdl:input>
        <mime:content type="application/x-www-form-urlencoded"/>
      </wsdl:input>
      <wsdl:output>
        <mime:mimeXml part="Body"/>
      </wsdl:output>
    </wsdl:operation>
    <wsdl:operation name="GetGeoIPContext">
      <http:operation location="/GetGeoIPContext"/>
      <wsdl:input>
        <mime:content type="application/x-www-form-urlencoded"/>
      </wsdl:input>
      <wsdl:output>
        <mime:mimeXml part="Body"/>
      </wsdl:output>
    </wsdl:operation>
  </wsdl:binding>
  <wsdl:service name="GeoIPService">
    <wsdl:port name="GeoIPServiceSoap" binding="tns:GeoIPServiceSoap">
      <soap:address location="http://www.webservicex.net/geoipservice.asmx"/>
    </wsdl:port>
    <wsdl:port name="GeoIPServiceSoap12" binding="tns:GeoIPServiceSoap12">
      <soap12:address location="http://www.webservicex.net/geoipservice.asmx"/>
    </wsdl:port>
    <wsdl:port name="GeoIPServiceHttpGet" binding="tns:GeoIPServiceHttpGet">
      <http:address location="http://www.webservicex.net/geoipservice.asmx"/>
    </wsdl:port>
    <wsdl:port name="GeoIPServiceHttpPost" binding="tns:GeoIPServiceHttpPost">
      <http:address location="http://www.webservicex.net/geoipservice.asmx"/>
    </wsdl:port>
  </wsdl:service>
</wsdl:definitions>]]></con:content><con:type>http://schemas.xmlsoap.org/wsdl/</con:type></con:part></con:definitionCache><con:endpoints><con:endpoint>http://www.webservicex.net/geoipservice.asmx</con:endpoint></con:endpoints><con:operation id="a56c5700-829d-47d1-8754-d10e47632314" isOneWay="false" action="http://www.webservicex.net/GetGeoIP" name="GetGeoIP" bindingOperationName="GetGeoIP" type="Request-Response" inputName="" receivesAttachments="false" sendsAttachments="false" anonymous="optional"><con:settings/><con:call id="0b9fe72a-a730-44ae-8c72-d8d656551c19" defaultOutgoingWss="" defaultIncomingWss="" name="Request 1"><con:settings/><con:encoding>UTF-8</con:encoding><con:endpoint>http://www.webservicex.net/geoipservice.asmx</con:endpoint><con:request><![CDATA[<soap:Envelope xmlns:soap="http://www.w3.org/2003/05/soap-envelope" xmlns:web="http://www.webservicex.net/">\r
   <soap:Header/>\r
   <soap:Body>\r
      <web:GetGeoIP>\r
         <!--Optional:-->\r
         <web:IPAddress>?</web:IPAddress>\r
      </web:GetGeoIP>\r
   </soap:Body>\r
</soap:Envelope>]]></con:request><con:credentials><con:selectedAuthProfile>No Authorization</con:selectedAuthProfile><con:authType>No Authorization</con:authType></con:credentials><con:wsaConfig mustUnderstand="NONE" version="200508" action="http://www.webservicex.net/GeoIPServiceSoap/GetGeoIPRequest"/></con:call></con:operation><con:operation id="cbfc5fb6-3226-477f-9154-f0057823d5b9" isOneWay="false" action="http://www.webservicex.net/GetGeoIPContext" name="GetGeoIPContext" bindingOperationName="GetGeoIPContext" type="Request-Response" inputName="" receivesAttachments="false" sendsAttachments="false" anonymous="optional"><con:settings/><con:call id="4338ff16-881f-4e51-83a1-d55d2d2f92b9" defaultOutgoingWss="" defaultIncomingWss="" name="Request 1"><con:settings/><con:encoding>UTF-8</con:encoding><con:endpoint>http://www.webservicex.net/geoipservice.asmx</con:endpoint><con:request><![CDATA[<soap:Envelope xmlns:soap="http://www.w3.org/2003/05/soap-envelope" xmlns:web="http://www.webservicex.net/">\r
   <soap:Header/>\r
   <soap:Body>\r
      <web:GetGeoIPContext/>\r
   </soap:Body>\r
</soap:Envelope>]]></con:request><con:credentials><con:selectedAuthProfile>No Authorization</con:selectedAuthProfile><con:authType>No Authorization</con:authType></con:credentials><con:wsaConfig mustUnderstand="NONE" version="200508" action="http://www.webservicex.net/GeoIPServiceSoap/GetGeoIPContextRequest"/></con:call></con:operation></con:interface><con:testSuite id="4d9c4cf2-ba0c-4789-a3fe-4c7e3d2fbafa" name="GeoIPServiceSoap TestSuite"><con:settings/><con:runType>SEQUENTIAL</con:runType><con:testCase id="94ef3526-d203-4a18-8815-0e9095ce913a" discardOkResults="true" failOnError="true" failTestCaseOnErrors="true" keepSession="false" name="GetGeoIP TestCase" searchProperties="true"><con:settings/><con:testStep type="request" id="f6e4d016-8740-4284-9c0c-22fbb86294fe" name="GetGeoIP"><con:settings/><con:config xsi:type="con:RequestStep" xmlns:xsi="http://www.w3.org/2001/XMLSchema-instance"><con:interface>GeoIPServiceSoap</con:interface><con:operation>GetGeoIP</con:operation><con:request name="GetGeoIP" id="93c8764b-eb70-4188-b805-726cba13398a" defaultOutgoingWss="" defaultIncomingWss=""><con:settings><con:setting id="com.eviware.soapui.impl.wsdl.WsdlRequest@request-headers">&lt;xml-fragment/></con:setting></con:settings><con:encoding>UTF-8</con:encoding><con:endpoint>http://www.bbc.com/</con:endpoint><con:request><![CDATA[<soapenv:Envelope xmlns:soapenv="http://schemas.xmlsoap.org/soap/envelope/" xmlns:web="http://www.webservicex.net/">
   <soapenv:Header/>
   <soapenv:Body>
      <web:GetGeoIP>
         <!--Optional:-->
         
      <web:IPAddress>212.58.246.79</web:IPAddress></web:GetGeoIP>
   </soapenv:Body>
</soapenv:Envelope>]]></con:request><con:credentials><con:selectedAuthProfile>No Authorization</con:selectedAuthProfile><con:authType>No Authorization</con:authType></con:credentials><con:jmsConfig JMSDeliveryMode="PERSISTENT"/><con:wsaConfig action="http://www.webservicex.net/GetGeoIP" mustUnderstand="NONE" version="200508"/><con:wsrmConfig version="1.2"/></con:request></con:config></con:testStep><con:properties/><con:reportParameters/></con:testCase><con:testCase id="62f21ecd-b917-4b8f-939d-e17389861174" discardOkResults="true" failOnError="true" failTestCaseOnErrors="true" keepSession="false" name="GetGeoIPContext TestCase" searchProperties="true"><con:settings/><con:testStep type="request" id="34154ab4-f0ba-4df2-800a-9f5173c552d8" name="GetGeoIPContext"><con:settings/><con:config xsi:type="con:RequestStep" xmlns:xsi="http://www.w3.org/2001/XMLSchema-instance"><con:interface>GeoIPServiceSoap</con:interface><con:operation>GetGeoIPContext</con:operation><con:request name="GetGeoIPContext" id="41329437-117f-4490-a89c-1fd9d1121094" defaultOutgoingWss="" defaultIncomingWss=""><con:settings/><con:encoding>UTF-8</con:encoding><con:endpoint>http://www.webservicex.net/geoipservice.asmx</con:endpoint><con:request><![CDATA[<soapenv:Envelope xmlns:soapenv="http://schemas.xmlsoap.org/soap/envelope/" xmlns:web="http://www.webservicex.net/">\r
   <soapenv:Header/>\r
   <soapenv:Body>\r
      <web:GetGeoIPContext/>\r
   </soapenv:Body>\r
</soapenv:Envelope>]]></con:request><con:credentials><con:selectedAuthProfile>No Authorization</con:selectedAuthProfile><con:authType>No Authorization</con:authType></con:credentials><con:wsaConfig action="http://www.webservicex.net/GetGeoIPContext"/></con:request></con:config></con:testStep><con:properties/><con:reportParameters/></con:testCase><con:properties/><con:reportParameters/></con:testSuite><con:testSuite id="c70c06af-cc73-4f20-93ea-ff799f16baed" name="GeoIPServiceSoap12 TestSuite"><con:settings/><con:runType>SEQUENTIAL</con:runType><con:testCase id="be45c449-28fe-4f09-90ec-9f13b674e9a4" discardOkResults="true" failOnError="true" failTestCaseOnErrors="true" keepSession="false" name="GetGeoIP TestCase" searchProperties="true"><con:settings/><con:testStep type="request" id="f641eb7b-fa1f-409d-bb7a-fc39e8f0849e" name="GetGeoIP"><con:settings/><con:config xsi:type="con:RequestStep" xmlns:xsi="http://www.w3.org/2001/XMLSchema-instance"><con:interface>GeoIPServiceSoap12</con:interface><con:operation>GetGeoIP</con:operation><con:request name="GetGeoIP" id="ff22a563-03b2-4109-b1cf-c33f476cdedf" defaultOutgoingWss="" defaultIncomingWss=""><con:settings><con:setting id="com.eviware.soapui.impl.wsdl.WsdlRequest@request-headers">&lt;xml-fragment/></con:setting></con:settings><con:encoding>UTF-8</con:encoding><con:endpoint>http://www.webservicex.net/geoipservice.asmx</con:endpoint><con:request><![CDATA[<soap:Envelope xmlns:soap="http://www.w3.org/2003/05/soap-envelope" xmlns:web="http://www.webservicex.net/">
   <soap:Header/>
   <soap:Body>
      <web:GetGeoIP>
         <!--Optional:-->
         
      <web:IPAddress>212.58.246.79</web:IPAddress></web:GetGeoIP>
   </soap:Body>
</soap:Envelope>]]></con:request><con:credentials><con:selectedAuthProfile>No Authorization</con:selectedAuthProfile><con:authType>No Authorization</con:authType></con:credentials><con:jmsConfig JMSDeliveryMode="PERSISTENT"/><con:wsaConfig action="http://www.webservicex.net/GeoIPServiceSoap/GetGeoIPRequest" mustUnderstand="NONE" version="200508"/><con:wsrmConfig version="1.2"/></con:request></con:config></con:testStep><con:properties/><con:reportParameters/></con:testCase><con:testCase id="61f6c04d-4865-4ddc-b66d-3df5d8dd3392" discardOkResults="true" failOnError="true" failTestCaseOnErrors="true" keepSession="false" name="GetGeoIPContext TestCase" searchProperties="true"><con:settings/><con:testStep type="request" id="292ed055-c00e-4004-9a1c-dc996758e300" name="GetGeoIPContext"><con:settings/><con:config xsi:type="con:RequestStep" xmlns:xsi="http://www.w3.org/2001/XMLSchema-instance"><con:interface>GeoIPServiceSoap12</con:interface><con:operation>GetGeoIPContext</con:operation><con:request name="GetGeoIPContext" id="c699dace-588b-496f-bfc1-51f814b567ac" defaultOutgoingWss="" defaultIncomingWss=""><con:settings/><con:encoding>UTF-8</con:encoding><con:endpoint>http://www.webservicex.net/geoipservice.asmx</con:endpoint><con:request><![CDATA[<soap:Envelope xmlns:soap="http://www.w3.org/2003/05/soap-envelope" xmlns:web="http://www.webservicex.net/">\r
   <soap:Header/>\r
   <soap:Body>\r
      <web:GetGeoIPContext/>\r
   </soap:Body>\r
</soap:Envelope>]]></con:request><con:credentials><con:selectedAuthProfile>No Authorization</con:selectedAuthProfile><con:authType>No Authorization</con:authType></con:credentials><con:jmsConfig JMSDeliveryMode="PERSISTENT"/><con:wsaConfig action="http://www.webservicex.net/GeoIPServiceSoap/GetGeoIPContextRequest" mustUnderstand="NONE" version="200508"/><con:wsrmConfig version="1.2"/></con:request></con:config></con:testStep><con:properties/><con:reportParameters/></con:testCase><con:properties/><con:reportParameters/></con:testSuite><con:requirements/><con:properties/><con:wssContainer/><con:databaseConnectionContainer/><con:oAuth2ProfileContainer/><con:reporting><con:xmlTemplates/><con:parameters/></con:reporting><con:authRepository/></con:soapui-project>